{
  "desktop": {
    "cards": {
      "canvas/agent.qwen": {
        "x": 40,
        "y": 40,
        "w": 757,
        "h": 462,
        "collapsed": false,
        "z": 96
      },
      "canvas/solar-system.voice": {
        "x": 825,
        "y": 40,
        "w": 280,
        "h": 454,
        "collapsed": false
      },
      "canvas/solar-system-spec.md": {
        "x": 1133,
        "y": 40,
        "w": 537,
        "h": 469,
        "collapsed": false
      },
      "canvas/solar-system-overview.md": {
        "x": 1698,
        "y": 42,
        "w": 540,
        "h": 460,
        "collapsed": false
      },
      "canvas/solar-system.gpu-monitor": {
        "x": 40,
        "y": 537,
        "w": 350,
        "h": 663,
        "collapsed": false
      },
      "canvas/docs-agent.qwen": {
        "x": 418,
        "y": 546,
        "w": 540,
        "h": 460,
        "collapsed": false,
        "z": 93
      },
      "canvas/solar-system-design.mmd": {
        "x": 444.97900390625,
        "y": 542.9765014648438,
        "w": 707.8924560546875,
        "h": 646.14697265625,
        "z": 103
      },
      "canvas/solar-system.solar-system": {
        "x": 1273.13134765625,
        "y": 533.8069458007812,
        "w": 974.6943359375,
        "h": 727.206787109375,
        "z": 112
      },
      "canvas/solar-system.terminal": {
        "x": 40,
        "y": 1504,
        "w": 540,
        "h": 460,
        "z": 118
      },
      "canvas/solar-system.gitrepo": {
        "x": 639.7587280273438,
        "y": 1286.7977905273438,
        "w": 577.5465087890625,
        "h": 777.67333984375
      }
    },
    "bounds": {
      "w": 2619.571533203125,
      "h": 2264.67333984375
    }
  }
}