{
  "desktop": {
    "cards": {
      "canvas/agent.qwen": {
        "x": 40,
        "y": 40,
        "w": 757,
        "h": 462,
        "collapsed": false
      },
      "canvas/solar-system.voice": {
        "x": 811,
        "y": 43,
        "w": 280.381103515625,
        "h": 459.384033203125
      },
      "canvas/solar-system.solar-system": {
        "x": 1220.5364990234375,
        "y": 39.00672912597656,
        "w": 1044,
        "h": 748,
        "z": 213
      },
      "canvas/solar-system.gpu-monitor": {
        "x": 40,
        "y": 537,
        "w": 350,
        "h": 663,
        "collapsed": false
      },
      "canvas/solar-system-design.mmd": {
        "x": 424.00634765625,
        "y": 1040.9449462890625,
        "w": 664.5672607421875,
        "h": 443.5443115234375
      },
      "canvas/solar-system-overview.md": {
        "x": 1214.9661865234375,
        "y": 817.1139526367188,
        "w": 1037,
        "h": 506
      },
      "README.md": {
        "x": 425.1279296875,
        "y": 1517.475830078125,
        "w": 655.39404296875,
        "h": 678.0862426757812
      },
      "canvas/mica-solar-system.filebrowser": {
        "x": 29.129196166992188,
        "y": 1242.1038208007812,
        "w": 359.81170654296875,
        "h": 330.87823486328125
      },
      "canvas/solar-system.gitrepo": {
        "x": 32.609954833984375,
        "y": 1607.7344970703125,
        "w": 354,
        "h": 828
      },
      "canvas/solar-system-spec.md": {
        "x": 425.37200927734375,
        "y": 535.1682586669922,
        "w": 665.0240478515625,
        "h": 481.09259033203125
      }
    },
    "bounds": {
      "w": 2479,
      "h": 2900
    }
  }
}